/*!40014 SET @OLD_FOREIGN_KEY_CHECKS=@@FOREIGN_KEY_CHECKS, FOREIGN_KEY_CHECKS=0 */;
/*!40101 SET @OLD_SQL_MODE=@@SQL_MODE, SQL_MODE='NO_AUTO_VALUE_ON_ZERO' */;
DROP TABLE IF EXISTS `condutor`;
CREATE TABLE `condutor` (
  `idcondutor` int(10) NOT NULL AUTO_INCREMENT,
  `nome` varchar(255) NOT NULL,
  `setor` int(10) NOT NULL,
  PRIMARY KEY (`idcondutor`)
) ENGINE=InnoDB AUTO_INCREMENT=79 DEFAULT CHARSET=latin1;

LOCK TABLES `condutor` WRITE;
INSERT INTO `condutor` VALUES
 (4,'CLAUDINEI HOSS',1),
 (6,'VANESSA DE PARIS',1),
 (7,'FERNANDA BENATO MEZZOMO',1),
 (8,'ANI CAROLINE LIVI FENSKE',1),
 (9,'EMANUELLE VOGEL TORTELI',1),
 (10,'LIANE BOCK',1),
 (11,'JULIANA ADELAIDE ENGLER ORTOLAN',2),
 (12,'RAFAELA TACCA',5),
 (13,'ARGEU ALVES DO AMARAL',9),
 (14,'GELSON ANGELO MIORANDO',9),
 (15,'VINICIUS NOVAIS FRANCA',2),
 (16,'MICHEL HENRIQUE LUCCA',10),
 (17,'RAFAEL RICARDO PAVI',4),
 (18,'LUCIANO SCHRODER',6),
 (19,'ALEX BRITO SANTOS',6),
 (20,'DANER RICARDO LAGO',10),
 (21,'LEANDRO BETTIO',11),
 (22,'ADRIANO OSVINO AULER',2),
 (23,'ADILSON FERNANDO PAULETTI',1),
 (24,'RICARDO ANDRE KONZEN',1),
 (25,'VITOR JOSE DURANTI',3),
 (26,'THIAGO ANTONIO SPIECKER',9),
 (27,'ALESANDRO JOSE SBARAINI',9),
 (28,'ALEXSANDRE CAMELLO',4),
 (29,'HUGO HENRIQUE RODRIGUES PEREIRA',4),
 (30,'THIAGO KLUGE',4),
 (31,'CLEONICE MARIA ZINN KLEMANN',1),
 (32,'EDDIE FERNANDO REIS',2),
 (33,'MAYCON VANER PROVENSI',4),
 (34,'VINICIUS DE SOUZA WERLANG',8),
 (35,'GIOVAR JUAREZ GARCIA DA ROSA',5),
 (36,'REGINSON FRANCISCO DE SOUZA',3),
 (37,'DENISE HEINECK',1),
 (38,'REGIS JUNIOR DE SOUZA',3),
 (39,'SANDRA LOPES DUARTE HEINZ',1),
 (40,'ANDRIELE VIVIAN',1),
 (41,'JAKSON MARSAL KOVALESKI',6),
 (42,'MARCOS ANDRE PEISE',8),
 (43,'JESSE PADILHA',8),
 (44,'CARLOS ALTAIR MELO GOMES',8),
 (45,'CLAUDEMIR RODRIGUES DA SILVA',8),
 (46,'CLAIR PISSAIA',8),
 (47,'FABIANO RODRIGUES FRANCA',8),
 (48,'LEANDRO JOSE ALVES DOS SANTOS',8),
 (49,'PAULINHO SEDENY DA ROSA',8),
 (50,'CLEITON ANDRE DA SILVA',8),
 (51,'LADISLAU CORREA DE NOVAES FILHO',2),
 (52,'JOSE ALACRINO GONCALVES',2),
 (53,'FABRICIO MORATELLI',2),
 (54,'JOSE FLAVIO DE ARAUJO CARDOSO',2),
 (55,'FABIANO PAULO MORATELLI',2),
 (56,'MARCELO ALVES FALCAO',2),
 (57,'EMANUELA FRANK',8),
 (58,'MAURILIO DOS REIS LOPES',6),
 (59,'WILIAN DALL VESCO',6),
 (60,'GERALDO MAGELA DE FARIA',6),
 (61,'GABRIEL PEREIRA DE SOUZA',3),
 (62,'VANDERLEI FRANCO',1),
 (63,'JOEL DEBASTIANI',1),
 (64,'DANIEL MECANICO',3),
 (65,'DANIEL CELA',3),
 (66,'LEANDRO MATEU FELL',1),
 (67,'MELAO LAVACÃO',2),
 (68,'MARCOS SUSPENCAO',1),
 (70,'DAIANE WACHHOLZ',2),
 (71,'LUCIANO GERETY',6),
 (72,'WILLIAN ROSSI',4),
 (73,'HUGO PEREIRA',4),
 (74,'CADINHO',1),
 (75,'MAITHIÉLI CIBULSKI',5),
 (76,'SIDINEI BRAMBILA',3),
 (77,'IGOR DA LUZ GAVÃO',9),
 (78,'ANDRE BAUMGART',3);
UNLOCK TABLES;

DROP TABLE IF EXISTS `registro`;
CREATE TABLE `registro` (
  `idregistro` int(11) NOT NULL AUTO_INCREMENT,
  `placa` varchar(255) NOT NULL,
  `condutor` varchar(200) NOT NULL,
  `horariosaida` timestamp NOT NULL DEFAULT CURRENT_TIMESTAMP,
  `horarioentrada` timestamp NULL DEFAULT NULL,
  `local` varchar(255) NOT NULL,
  `kmanterior` double NOT NULL,
  `kmfinal` double DEFAULT NULL,
  `situacao` varchar(3) NOT NULL,
  `obs` varchar(255) DEFAULT NULL,
  PRIMARY KEY (`idregistro`)
) ENGINE=InnoDB AUTO_INCREMENT=420 DEFAULT CHARSET=latin1;

LOCK TABLES `registro` WRITE;
INSERT INTO `registro` VALUES
 (20,'QHZ 7210','6','2021-10-26 15:48:51','2021-10-26 14:40:00','BANCOS',248924,248931,'FF',''),
 (21,'QHZ 7210','47','2021-10-26 16:01:40','2021-10-26 15:40:00','CENTRO',248931,248935,'FF',''),
 (22,'QHZ 7210','57','2021-10-26 17:11:52','2021-10-26 16:10:00','CENTRO',248935,248935,'FF','EMANUELA'),
 (25,'QIT 4837','7','2021-10-25 08:40:00','2021-11-01 09:27:00','QUIMICOS',161373,161435,'FF','RETORNOU FELL'),
 (26,'','29','2021-10-26 16:48:35','2021-10-26 16:47:00','CENTRO',0,550972,'FF','HUGO'),
 (27,'RLJ 2Z95','48','2021-10-28 07:48:50','2021-10-28 07:48:00','CASTRO',22985,24148,'FF','3.TANQUES +ORDENHA   28190'),
 (28,'QJV 1054','22','2021-10-22 17:30:00','2021-11-01 14:41:00','CHAPECO',626010,63223,'FF','ADRIANO'),
 (29,'QIH 0187','44','2021-10-14 17:30:00','2021-10-29 13:56:00','ESPIRITO SANTOS',500754,506207,'FF','12.TANQUES 28121'),
 (30,'QHZ 7210','49','2021-10-26 17:10:12','2021-10-26 17:09:00','CENTRO',248938,248944,'FF','PAULINHO '),
 (31,'REB 2A26','45','2021-10-22 16:20:00','2021-11-10 14:27:00','NORDESTE',131513,140645,'FF','16 TANQUES+ORDENHA  28136'),
 (32,'RDW 0F51','46','2021-10-22 17:30:00','2021-11-01 08:46:00','MINAS GERAIS',166037,170588,'FF','23.TANQUES+ORDENHA    28161'),
 (33,'RLA 4C94','59','2021-10-18 09:50:00',NULL,'REGIAO',10350,NULL,'AA',''),
 (34,'RLI 7197','42','2021-10-26 18:23:54','2021-10-26 18:23:00','MECANICA',102686,102818,'FF',''),
 (35,'QJQ 5792','42','2021-10-27 16:09:20','2021-10-27 16:09:00','LAVACÃO ',437008,4370.48,'FF','FABIANO'),
 (36,'RDT 8B89','18','2021-10-25 17:40:00','2021-10-29 08:37:00','RIO GRANDE ',46323,47438,'FF',''),
 (37,'BEY 8J72','41','2021-10-07 17:20:00','2021-11-03 07:56:00','PARÁ',23644,31324,'FF','JAKSON'),
 (38,'QHZ 7210','50','2021-10-26 18:01:17','2021-10-26 18:00:00','CENTRO',248935,248949,'FF',''),
 (39,'QHZ 7210','34','2021-10-27 08:40:21','2021-10-27 08:39:00','CENTRO',248949,248942,'FF','MECANICA PAZZA TROUXE DEVOLTA'),
 (40,'QIH 0177','50','2021-10-26 18:17:00','2021-10-29 13:42:00','RIO GRANDE ',507640,508633,'FF','2.TANQUES+ORDENHA   28191'),
 (41,'QHZ 7210','34','2021-10-27 08:47:23','2021-10-27 08:45:00','CENTRO',248942,248967,'FF',''),
 (44,'MEN 7918','61','2021-10-27 09:40:55','2021-10-27 09:30:00','CENTRO',550972,550976,'FF',''),
 (45,'RLC 2G24','49','2021-10-27 10:34:49','2021-10-27 10:34:00','REFRI CENTER',40727,40745,'FF',''),
 (46,'QHZ 7210','34','2021-10-27 11:28:38','2021-10-27 11:28:00','QUIMICOS',248967,248971,'FF',''),
 (47,'MEN 7918','36','2021-10-27 11:24:30','2021-10-27 11:22:00','CENTRO',550976,55976,'FF',''),
 (48,'MEN 7918','36','2021-10-27 13:08:12','2021-10-27 13:08:00','PARA CASA',55976,55976,'FF',''),
 (49,'QHZ 7210','6','2021-10-27 14:06:53','2021-10-27 14:02:00','BANCOS',248971,248975,'FF','VANESSA'),
 (50,'QHZ 7210','62','2021-10-27 15:36:22','2021-10-27 15:36:00','CENTRO',248975,248981,'FF','VANDE'),
 (51,'QJP 2732','19','2021-10-13 08:10:00','2021-10-28 14:52:00','RIO GRANDE ',196117,198530,'FF','ALEX'),
 (52,'AWC 8I85','53','2021-05-07 16:20:00','2021-11-04 17:27:00','REGIAO',1073,30175,'FF','FABRICIO'),
 (53,'BEW 4J84','55','2021-06-15 16:45:00','2021-11-22 12:53:00','VIAGEM',11408,32965,'FF',''),
 (54,'BEI 8A42','58','2021-01-05 16:20:00',NULL,'REGIAO',2021,NULL,'AA',''),
 (55,'AWC 9J94','54','2021-04-28 11:00:00',NULL,'NORDESTE',168,NULL,'AA',''),
 (56,'BEW 4J85','51','2021-03-15 14:25:00',NULL,'MINAS GERAIS',63,NULL,'AA',''),
 (57,'BEY 8J14','60','2021-05-28 15:10:00',NULL,'REGIAO',5852,NULL,'AA',''),
 (58,'QHZ 7210','63','2021-10-27 16:31:31','2021-10-27 16:31:00','CENTRO',248981,248987,'FF','JOEL'),
 (59,'QHZ 7210','30','2021-10-27 18:58:48','2021-10-27 18:58:00','CUNHA PORÃ',248987,249223,'FF','THIAGO'),
 (60,'QHZ 7210','25','2021-10-28 10:46:18','2021-10-28 10:46:00','IGUATMI',249023,249026,'FF',''),
 (61,'QHZ 7210','43','2021-10-28 11:09:20','2021-10-28 11:09:00','CENTRO',249026,2490.29,'FF',''),
 (62,'RLI 7197','42','2021-10-28 13:40:31','2021-10-28 13:40:00','MECANICA',102818,102824,'FF','MARCOS'),
 (63,'QHZ 7210','6','2021-10-28 13:34:31','2021-10-28 14:00:00','BANCOS',2490.29,2500,'FF','VANESSA'),
 (64,'QHZ 7210','65','2021-10-28 14:14:00','2021-10-28 14:40:00','CENTRO',249033,249033,'FF','DANIEL'),
 (65,'QHZ 7210','49','2021-10-28 15:27:00','2021-10-28 15:54:00','CENTRO',249033,249041,'FF','PAULINHO'),
 (66,'QJP 2732','19','2021-10-28 16:41:00','2021-10-29 15:06:00','CUNHA PORA ',198530,198780,'FF','ALEX'),
 (67,'QHZ 7210','16','2021-10-28 16:43:00','2021-10-28 17:20:00','CENTRO',249041,249045,'FF','MICHEL'),
 (68,'QJQ 5792','47','2021-10-28 17:08:00','2021-11-08 09:59:00','MATO GROSSO',437048,442262,'FF','18.TANQUES+ORDENHAS  -28.169'),
 (69,'RLJ 2Z95','48','2021-10-28 18:08:00','2021-10-30 08:27:00','RIO GRANDE',24148,24716,'FF','1.TANQUE -28.185'),
 (70,'MEN 7918','36','2021-10-29 07:15:00','2021-10-29 07:16:00','CASA',55976,559.79,'FF',''),
 (71,'QHZ 7210','62','2021-10-29 09:25:00','2021-10-29 10:01:00','CENTRO',249045,249049,'FF',''),
 (72,'QHZ 7210','34','2021-10-29 10:42:00','2021-10-29 11:39:00','CENTRO',249049,249054,'FF',''),
 (73,'RDT 8B89','18','2021-10-29 11:46:00','2021-10-29 15:30:00','PARA CASA',47438,47442,'FF',''),
 (74,'QHZ 7210','6','2021-10-29 13:37:00','2021-10-29 14:00:00','BANCOS',249054,249056,'FF',''),
 (75,'QHZ 7210','63','2021-10-29 14:08:00','2021-10-29 14:27:00','CENTRO',249056,249060,'FF','JOEL'),
 (76,'QHZ 7210','17','2021-10-29 15:15:00','2021-10-29 17:29:00','QUIMICOS',249060,249063,'FF','RAFAEL'),
 (77,'RDT 8B89','16','2021-10-29 15:47:00','2021-10-29 16:32:00','QUIMICOS',47442,47462,'FF','MICHIEL'),
 (78,'QJP 2732','19','2021-10-29 15:56:00','2021-11-16 08:13:00','MATO GROSSO DO SUL',198780,204120,'FF',''),
 (79,'RDT 8B89','18','2021-10-29 17:58:00','2021-11-01 08:45:00','RIO GRANDE ',47462,47468,'FF',''),
 (80,'QHZ 7210','16','2021-11-01 08:47:00','2021-11-01 09:01:00','QUIMICOS',249063,249067,'FF',''),
 (81,'RDT 8B89','18','2021-11-01 08:49:00','2021-11-09 14:47:00','ERVAL VELIO SC',47468,48074,'FF','LUCIANO'),
 (82,'QHZ 7210','66','2021-11-01 09:36:00','2021-11-01 09:45:00','CASA EDUARDO',249067,249072,'FF',''),
 (83,'QIT 4837','50','2021-11-01 10:23:00','2021-11-01 10:33:00','CENTRO',161435,161438,'FF',''),
 (84,'QHZ 7210','6','2021-11-01 13:34:00','2021-11-01 14:29:00','BANCO',249072,249078,'FF',''),
 (85,'QHZ 7210','67','2021-11-01 15:25:00','2021-11-03 08:46:00','LAVACÃO',249078,249083,'FF','MELAO'),
 (86,'RLC 2G24','49','2021-11-01 16:37:00','2021-11-01 17:09:00','MECANICA ',40745,40750,'FF','PAULINHO'),
 (87,'QIT 4837','16','2021-11-01 17:16:00','2021-11-01 17:23:00','CENTRO',161438,161441,'FF','MICHEL'),
 (88,'RLI 7197','42','2021-11-01 17:35:00','2021-11-17 14:53:00','MINAS GERAIS',102824,110253,'FF','05.TANQUES+ORDENHA -28.188'),
 (89,'MJA 9B91','46','2021-11-01 17:51:00','2021-11-04 08:29:00','ERVAL VELHO',836020,836491,'FF','01.TANQUE+MERCADORIA-28213'),
 (90,'QJV 1054','22','2021-11-01 18:05:00','2021-11-03 07:17:00','PRA CASA ',63223,63226,'FF','ADRIANO'),
 (91,'QIT 4837','16','2021-11-03 07:38:00','2021-11-03 07:50:00','CENTRO',161441,161445,'FF','MICHEL'),
 (92,'QIT 4837','63','2021-11-03 08:23:00','2021-11-03 08:43:00','CENTRO',161445,161449,'FF','JOEL'),
 (93,'QJV 1054','22','2021-11-03 09:55:00','2021-11-03 11:47:00','NOVA ERA ',63226,63234,'FF','MELAO'),
 (94,'QHZ 7210','34','2021-11-03 10:05:00','2021-11-03 10:29:00','QUIMICOS',249083,249087,'FF','VINICIUS'),
 (95,'QIT 4837','57','2021-11-03 10:07:00','2021-11-03 10:37:00','CENTRO',161449,161453,'FF','EMANUELA'),
 (96,'QHZ 7210','63','2021-11-03 10:59:00','2021-11-03 11:10:00','CENTRO',249087,249090,'FF','JOEL'),
 (97,'QIT 4837','44','2021-11-03 11:32:00','2021-11-03 16:13:00','CHAPECO ',161453,161644,'FF',''),
 (98,'BEY 8J72','41','2021-11-03 11:42:00','2021-11-05 08:06:00','CHAPECO',31324,31497,'FF',''),
 (99,'QI0040','22','2021-11-03 11:42:00','2021-11-03 13:16:00','CENTRO',166356,166360,'FF',''),
 (100,'QJV 1054','67','2021-11-03 11:48:00','2021-11-03 13:50:00','LAVACÃO',63234,63240,'FF',''),
 (101,'QHZ 7210','6','2021-11-03 13:33:00','2021-11-03 14:17:00','BANCO',249090,249095,'FF',''),
 (102,'QI0040','67','2021-11-03 14:04:00','2021-11-03 15:26:00','LAVACAO',166360,166365,'FF',''),
 (103,'RLJ 2Z95','48','2021-11-03 14:59:00','2021-11-03 15:55:00','MX',24716,24743,'FF',''),
 (104,'QHZ 7210','16','2021-11-03 15:19:00','2021-11-03 15:34:00','QUIMICOS',249095,249099,'FF',''),
 (105,'QHZ 7210','16','2021-11-03 15:29:00','2021-11-03 15:50:00','CENTRO',249099,249101,'FF',''),
 (106,'QI0040','22','2021-11-03 17:55:00','2021-11-04 11:39:00','PARA CASA',166460,16640,'FF',''),
 (107,'QIT 4837','67','2021-11-04 09:05:00','2021-11-04 10:11:00','LAVACAO',161644,161651,'FF',''),
 (108,'MEN 7918','','2021-11-04 09:00:00','2021-11-04 10:07:00','56135',559.79,560.35,'FF',''),
 (109,'QHZ 7210','16','2021-11-04 10:05:00','2021-11-04 10:23:00','CENTRO',249101,2491.05,'FF',''),
 (111,'QIT 4837','16','2021-11-04 10:35:00','2021-11-04 10:53:00','CENTRO',161651,161654,'FF',''),
 (112,'QJV 1054','68','2021-11-04 11:17:00','2021-11-04 11:35:00','MECANICA',63240,63243,'FF',''),
 (113,'QI0040','22','2021-11-04 11:41:00','2021-11-04 13:27:00','CENTRO',16640,16648,'FF','VINICIOS'),
 (114,'QIT 4837','6','2021-11-04 13:32:00','2021-11-04 14:04:00','BANCOS',161654,161658,'FF','VANESSA'),
 (115,'QHZ 7210','49','2021-11-04 13:44:00','2021-11-04 14:04:00','CENTRO',2491.05,249111,'FF','PAULINHO'),
 (116,'QIH 0187','44','2021-11-04 13:45:00','2021-11-04 16:44:00','LAVACÃO',506207,506212,'FF','CLEITON'),
 (117,'QJV 1054','23','2021-11-04 13:48:00','2021-11-04 16:43:00','NOVA ERA',63243,63246,'FF','ADILSON'),
 (118,'QI0040','63','2021-11-04 13:58:00','2021-11-04 14:34:00','CENTRO',166365,166389,'FF','JOEL'),
 (119,'QI0040','68','2021-11-04 14:35:00','2021-11-04 14:38:00','MECANICA',166389,166398,'FF',''),
 (120,'QIC 0044','68','2021-11-04 14:40:00','2021-11-04 17:41:00','MECANICA',166398,166394,'FF','MARCOS'),
 (121,'QIT 4837','34','2021-11-04 14:59:00','2021-11-04 15:30:00','CENTRO',161658,161660,'FF','VINICIOS'),
 (122,'QIT 4837','46','2021-11-04 16:19:00','2021-11-04 16:42:00','CENTRO',161660,161672,'FF','CLAIR'),
 (123,'MEN 7918','29','2021-11-04 16:20:00','2021-11-04 16:34:00','CENTRO',560.35,56147,'FF','HUGO'),
 (124,'RLJ 2Z95','48','2021-11-04 16:59:00','2021-11-05 16:23:00','PARANA',24743,25542,'FF','01.TANQUE+ORDENHA - 28.241'),
 (125,'QIT 4837','63','2021-11-04 17:13:00','2021-11-04 17:26:00','CENTRO',161672,161675,'FF','JOEL'),
 (126,'QIT 4837','49','2021-11-04 17:35:00','2021-11-04 17:47:00','CENTRO',161675,161679,'FF','PAULINHO'),
 (127,'QJV 1054','50','2021-11-04 17:36:00','2021-11-05 07:35:00','CENTRO',63246,63352,'FF',''),
 (128,'AWC 8I85','53','2021-11-04 17:49:00',NULL,'REGIAO',30175,NULL,'AA',''),
 (129,'MJA 9B91','44','2021-11-04 18:11:00','2021-11-10 15:50:00','BLUMENAU',836491,834267,'FF','CARLOS'),
 (130,'QHZ 7210','65','2021-11-05 08:25:00','2021-11-05 08:49:00','CENTRO',249111,249116,'FF',''),
 (131,'QIT 4837','50','2021-11-05 10:00:00','2021-11-05 10:13:00','CENTRO',161679,161683,'FF',''),
 (132,'QHZ 7210','65','2021-11-05 09:40:00','2021-11-05 11:29:00','CENTRO',249116,249127,'FF',''),
 (133,'QIT 4837','34','2021-11-05 11:15:00','2021-11-05 13:37:00','PINHALZINHO',161683,161694,'FF','VINICIUS'),
 (134,'QHZ 7210','62','2021-11-05 11:49:00','2021-11-05 13:12:00','MECANICA',249127,249154,'FF','VANDE'),
 (135,'BEY 8J72','41','2021-11-05 11:58:00','2021-11-05 12:54:00','CENTRO',31497,31503,'FF',''),
 (136,'QJV 1054','63','2021-11-05 13:31:00','2021-11-05 14:14:00','CENTRO',63352,63256,'FF','JOEL'),
 (137,'QIT 4837','6','2021-11-05 14:01:00','2021-11-05 15:08:00','BANCOS',161694,161670,'FF','VANESSA'),
 (138,'QHZ 7210','70','2021-11-05 14:17:00','2021-11-05 14:29:00','CENTRO',249154,249158,'FF','DAIANE'),
 (139,'QHZ 7210','16','2021-11-05 14:39:00','2021-11-05 15:12:00','CENTRO',249158,249170,'FF','MICHEL'),
 (140,'QHZ 7210','16','2021-11-05 15:18:00','2021-11-05 15:23:00','QUIMICOS',249170,249173,'FF','MICHEL'),
 (141,'RLC 2G24','49','2021-11-05 16:47:00','2021-11-06 09:25:00','MOSART',40750,40752,'FF','PAULINHO'),
 (142,'QHZ 7210','34','2021-11-05 16:54:00','2021-11-05 17:48:00','CENTRO',249173,249179,'FF','VINICIUS'),
 (143,'BEY 8J72','41','2021-11-05 17:50:00','2021-11-10 12:48:00','RIO GRANDDE',31503,32570,'FF',''),
 (144,'QIC 0044','71','2021-11-05 18:10:00','2021-11-08 07:26:00','REGIAO',166394,166404,'FF',''),
 (145,'QHZ 7210','20','2021-11-06 09:40:00','2021-11-06 10:38:00','CENTRO',249179,249190,'FF','DANER'),
 (146,'RLC 2G24','49','2021-11-06 09:40:00','2021-11-29 07:06:00','NORTE',40752,49917,'FF','08.TANQUES+ORDENHA - 28.212'),
 (147,'RDW 0F51','46','2021-11-05 18:10:00','2021-11-29 11:44:00','NORDESTE',170588,180405,'FF','17.TANQUES+ORDENHA - 28.224'),
 (148,'QIT 4837','7','2021-11-08 09:30:00','2021-11-16 17:32:00','QUIMICOS',161670,161935,'FF','JELSO MIORANDO'),
 (149,'QHZ 7210','34','2021-11-08 09:36:00','2021-11-08 09:46:00','NOVA ERA',249190,249194,'FF',''),
 (150,'QHZ 7210','7','2021-11-08 10:45:00','2021-11-08 11:28:00','RODOVIARIA',249194,249197,'FF',''),
 (152,'QJV 1054','63','2021-11-08 11:00:00','2021-11-08 11:35:00','',63256,63265,'FF','CIDADE'),
 (153,'QHZ 7210','44','2021-11-08 11:15:00','2021-11-08 11:42:00','MECANICA',249197,249200,'FF',''),
 (154,'QHZ 7210','35','2021-11-08 11:57:00','2021-11-08 13:26:00','PARA CASA',249200,249206,'FF','GEOVAR'),
 (155,'QIC 0044','47','2021-11-08 12:03:00','2021-11-08 13:20:00','CENTRO',166404,166408,'FF','LUCIANO BERGET'),
 (156,'QHZ 7210','6','2021-11-08 13:50:00','2021-11-08 14:28:00','BRANCOS',249206,249208,'FF','VANESSA'),
 (157,'QIC 0044','16','2021-11-08 15:03:00','2021-11-08 15:58:00','CENTRO',166408,166413,'FF','MICHEL'),
 (158,'QIC 0044','71','2021-11-08 18:34:00',NULL,'REGIAO',166413,NULL,'AA',''),
 (159,'QHZ 7210','44','2021-11-08 20:25:00','2021-11-09 08:02:00','PARA CASA',249208,249229,'FF',''),
 (160,'QHZ 7210','16','2021-11-09 08:05:00','2021-11-09 08:54:00','CENTRO',249229,249243,'FF',''),
 (161,'QJV 1054','34','2021-11-09 09:08:00','2021-11-09 10:45:00','QUIMICOS',63265,63268,'FF','VANDE RETORNOU'),
 (162,'QHZ 7210','16','2021-11-09 09:09:00','2021-11-09 09:38:00','CENTRO',249243,249248,'FF',''),
 (163,'QHZ 7210','62','2021-11-09 10:46:00','2021-11-09 11:12:00','RODOVIARIA',249248,249252,'FF',''),
 (164,'MEN 7918','65','2021-11-09 10:00:00','2021-11-09 10:48:00','CENTRO',56147,56171,'FF',''),
 (165,'QJV 1054','6','2021-11-09 11:00:00','2021-11-09 11:26:00','BANCO',63268,63272,'FF',''),
 (166,'QJV 1054','23','2021-11-09 14:51:00','2021-11-09 16:40:00','NOVA ERA',63272,63276,'FF','ADILSON'),
 (167,'QJW 7794','44','2021-11-09 14:55:00','2021-11-09 15:52:00','QUIMICOS',304187,304190,'FF','CARLOS'),
 (168,'RLJ 2Z95','48','2021-11-09 15:05:00','2021-11-09 17:48:00','IPORÃ',25542,25692,'FF','MERCADORIA - 28.272'),
 (169,'RLJ 2Z95','48','2021-11-09 18:06:00','2021-11-11 07:39:00','PASSOS MAIA',25692,26169,'FF','01.TANQUE - 28270'),
 (170,'QJQ 5792','50','2021-11-10 08:11:00','2021-11-10 13:43:00','LAVACAO',442262,442268,'FF','CLEITON'),
 (171,'QHZ 7210','44','2021-11-10 08:12:00','2021-11-10 08:45:00','LAVACAO',249252,2492.56,'FF',''),
 (172,'RDT 8B89','18','2021-11-09 08:51:00','2021-11-10 08:53:00','PARA CASA',48074,48097,'FF',''),
 (173,'QJV 1054','6','2021-11-10 09:28:00','2021-11-10 10:14:00','NOVA ERA',63276,63278,'FF',''),
 (174,'QIH 0187','50','2021-11-10 09:29:00','2021-11-12 10:25:00','ELETRICA',506212,506214,'FF',''),
 (175,'QHZ 7210','63','2021-11-10 09:01:00','2021-11-10 10:22:00','CENTRO',2492.56,249261,'FF',''),
 (176,'QJV 1054','22','2021-11-10 11:46:00','2021-11-10 13:00:00','6328000',63278,63280,'FF','ADRIANO'),
 (177,'QHZ 7210','6','2021-11-10 13:45:00','2021-11-10 14:18:00','BANCOS',249261,249267,'FF','VANESSA'),
 (178,'QIH 0177','50','2021-11-10 13:58:00','2021-11-10 07:54:00','MOSART',508633,508645,'FF',''),
 (179,'QHZ 7210','62','2021-11-10 16:05:00','2021-11-10 16:12:00','BRUTHER',249267,249290,'FF','VANDE'),
 (180,'QJV 1054','63','2021-11-10 15:15:00','2021-11-10 16:17:00','CENTRO',63280,63290,'FF','JOEL'),
 (181,'QHZ 7210','6','2021-11-10 16:36:00','2021-11-10 16:41:00','BANCO',249272,249274,'FF','VANESSA'),
 (182,'BEY 8J72','41','2021-11-10 17:14:00','2021-11-12 08:13:00','CHAPECO',32570,32917,'FF','');
INSERT INTO `registro` VALUES
 (183,'MJA 9B91','62','2021-11-10 17:21:00','2021-11-10 18:08:00','QUIMICOS',834267,834268,'FF','VANDE'),
 (184,'MEN 7918','65','2021-11-11 08:29:00','2021-11-11 08:40:00','CENTRO',56171,56189,'FF',''),
 (185,'QHZ 7210','48','2021-11-11 08:44:00','2021-11-11 09:21:00','NOVA ERA',249274,249278,'FF',''),
 (186,'QHZ 7210','9','2021-11-11 10:17:00','2021-11-11 10:46:00','CENTRO',249278,249281,'FF',''),
 (187,'QJV 1054','39','2021-11-11 10:33:00','2021-11-11 10:51:00','BANCO',63290,63295,'FF',''),
 (188,'QHZ 7210','44','2021-11-11 11:34:00','2021-11-11 13:34:00','CENTRO',249281,249306,'FF','CARLOS'),
 (189,'QJV 1054','22','2021-11-11 11:45:00','2021-11-11 12:53:00','CENTRO',63295,63298,'FF',''),
 (190,'QHZ 7210','6','2021-11-11 13:34:00','2021-11-11 14:10:00','BANCOS',249306,249308,'FF','VANESSA'),
 (191,'QHZ 7210','17','2021-11-11 14:18:00','2021-11-11 15:03:00','QUIMICOS',249308,249311,'FF','RAFAEL'),
 (192,'QJV 1054','22','2021-11-11 15:55:00','2021-11-12 08:14:00','CHAPECO',63298,63368,'FF',''),
 (193,'QHZ 7210','39','2021-11-11 16:46:00','2021-11-11 17:15:00','CENTRO',249311,249314,'FF','SANDRA'),
 (194,'REB 2A26','44','2021-11-12 08:04:00','2021-11-12 17:31:00','LAVACAO',140645,140652,'FF','VINICIUS'),
 (195,'QHZ 7210','48','2021-11-12 08:05:00','2021-11-12 08:32:00','LAVACAO',249314,249317,'FF',''),
 (196,'QJV 1054','63','2021-11-12 09:03:00','2021-11-12 09:48:00','CENTRO',63368,63371,'FF',''),
 (197,'QJQ 5792','44','2021-11-12 10:09:00','2021-11-12 18:11:00','MECANICA',442268,442281,'FF','CARLOS'),
 (198,'QJV 1054','22','2021-11-12 11:49:00','2021-11-12 12:50:00','PARA CASA',63371,63373,'FF',''),
 (199,'BEY 8J72','41','2021-11-12 17:00:00','2021-11-16 07:29:00','CHAPECO',32917,33097,'FF',''),
 (200,'QHZ 7210','6','2021-11-12 13:40:00','2021-11-12 13:55:00','BANCOS',249317,249322,'FF','VANESSA'),
 (201,'QJV 1054','8','2021-11-12 14:02:00','2021-11-12 14:57:00','CENTRO',63373,63380,'FF','ANI'),
 (202,'RLJ 2Z95','34','2021-11-12 14:56:00','2021-11-12 15:15:00','QUIMICOS',26169,26172,'FF','VINICIUS'),
 (203,'QJV 1054','63','2021-11-12 16:35:00','2021-11-12 17:57:00','CENTRO',63380,63391,'FF','JOEL'),
 (204,'RLJ 2Z95','50','2021-11-12 16:59:00','2021-11-17 09:08:00','CENTRO',26172,26179,'FF',''),
 (205,'QJV 1054','22','2021-11-12 17:58:00','2021-11-16 07:16:00','CASA',63391,63394,'FF',''),
 (206,'QHZ 7210','50','2021-11-12 17:59:00','2021-11-12 18:07:00','QUIMICOS',249322,249326,'FF','CLEITON'),
 (207,'QIH 0187','50','2021-11-12 18:55:00','2021-11-17 08:06:00','JOACABA',506214,506661,'FF','01.TANQUE+ORDENHA - 28271'),
 (208,'MJA 9B91','62','2021-11-12 18:58:00','2021-11-22 08:02:00','MARIPA',834268,8380.69,'FF','01.TANQUE+ORDENHA - 28870'),
 (209,'QHZ 7210','16','2021-11-16 09:01:00','2021-11-16 09:14:00','CENTRO',249326,249340,'FF',''),
 (211,'QHZ 7210','63','2021-11-16 10:22:00','2021-11-16 10:49:00','FERO VELHO BRUTCHER',249340,2493.48,'FF',''),
 (212,'QJP 2732','34','2021-11-16 09:42:00','2021-11-17 09:59:00','CENTRO',204120,204131,'FF','PAZA RETORNOU'),
 (213,'QJW 7794','44','2021-11-16 11:57:00','2021-11-29 07:53:00','MINAS',304190,310125,'FF','12 TANQUES'),
 (214,'QJV 1054','22','2021-11-16 12:05:00','2021-11-17 07:20:00','PARA CASA',63394,63473,'FF',''),
 (215,'BEY 8J72','41','2021-11-16 12:18:00','2021-11-16 16:44:00','CENTRO',33097,33177,'FF','JAKSON'),
 (216,'QHZ 7210','6','2021-11-16 13:30:00','2021-11-16 14:27:00','BANCOS',249350,249353,'FF','VANESSA'),
 (217,'QHZ 7210','63','2021-11-16 14:47:00','2021-11-16 16:10:00','CENTRO',249353,249363,'FF','JOEL'),
 (218,'QHZ 7210','16','2021-11-16 16:23:00','2021-11-16 17:04:00','CENTRO',249363,249373,'FF','MICHEL'),
 (219,'BEY 8J72','41','2021-11-16 18:15:00','2021-11-17 07:29:00','PRA CASA',33177,33198,'FF',''),
 (220,'QIT 4837','62','2021-11-17 08:19:00','2021-11-17 09:01:00','MECANICA',161935,161936,'FF',''),
 (221,'QHZ 7210','16','2021-11-17 09:03:00','2021-11-17 09:23:00','QUIMICOS',249373,249376,'FF',''),
 (222,'QIT 4837','27','2021-11-17 09:39:00','2021-11-17 09:42:00','CORREIOS',161936,161940,'FF',''),
 (223,'RLJ 2Z95','50','2021-11-17 12:33:00','2021-11-17 13:33:00','CENTRO',26179,26182,'FF','CLEITON'),
 (224,'QHZ 7210','16','2021-11-17 12:00:00','2021-11-17 13:03:00','CASA',249376,249380,'FF','MICHEL'),
 (225,'QHZ 7210','6','2021-11-17 13:34:00','2021-11-17 14:11:00','BANCOS',249380,249385,'FF','VANESSA '),
 (226,'QHZ 7210','50','2021-11-17 14:40:00','2021-11-17 14:55:00','CENTRO',249385,249388,'FF','CLEITON'),
 (227,'QIT 4837','8','2021-11-17 14:59:00','2021-11-17 16:08:00','CENTRO',161940,161948,'FF','ANI'),
 (228,'QJQ 5792','50','2021-11-17 16:07:00','2021-11-17 16:36:00','CPM',442281,442282,'FF','CLEITON'),
 (229,'BEY 8J72','41','2021-11-17 17:10:00','2021-11-19 08:31:00','NOVA ERECHIM',33198,33373,'FF','ALEX'),
 (230,'RLI 7197','42','2021-11-17 17:12:00','2021-11-18 16:50:00','MOSART',110253,110285,'FF','MARCOS'),
 (231,'QIT 4837','50','2021-11-17 17:14:00','2021-11-17 17:27:00','MOSART',161948,161950,'FF','MARCOS'),
 (232,'RLJ 2Z95','62','2021-11-17 17:45:00','2021-11-19 17:14:00','PARANA',26182,26959,'FF','01.TANQUE - 28323 '),
 (233,'QJV 1054','34','2021-11-17 17:40:00','2021-11-17 18:04:00','CENTRO',63473,63475,'FF','VINICIOS'),
 (234,'QHZ 7210','65','2021-11-18 09:00:00','2021-11-18 09:22:00','CENTRO',249388,249393,'FF',''),
 (235,'QIT 4837','34','2021-11-18 09:01:00','2021-11-18 09:49:00','CENTRO',161950,1619.6,'FF',''),
 (236,'QJP 2732','19','2021-11-18 09:58:00','2021-11-18 14:23:00','SAO MIGUEL',204131,204219,'FF','ALEX'),
 (238,'QIT 4837','6','2021-11-18 13:30:00','2021-11-18 14:08:00','BANCOS',1619.6,161963,'FF','VANESSA'),
 (239,'QHZ 7210','50','2021-11-18 13:56:00','2021-11-18 14:21:00','NOVA ERA',249393,249396,'FF','CLEITON'),
 (240,'QIT 4837','63','2021-11-18 14:38:00','2021-11-18 16:27:00','CENTRO',161963,161969,'FF','JOEL'),
 (241,'QHZ 7210','50','2021-11-18 16:39:00','2021-11-18 16:49:00','MOSART',249396,249398,'FF','CLEITON'),
 (242,'QJQ 5792','50','2021-11-18 16:58:00','2021-11-18 17:33:00','RPM',442282,442289,'FF','CLEITON'),
 (243,'QJQ 5792','50','2021-11-18 18:07:00','2021-12-06 09:38:00','BAHIA',442289,448349,'FF','23.TANQUES - 28310'),
 (244,'QIT 4837','16','2021-11-19 08:34:00','2021-11-19 08:38:00','CENTRO',161969,161973,'FF','MICHEL'),
 (245,'QJP 2732','19','2021-11-19 09:38:00','2021-11-20 09:53:00','PRA CASA',204219,204225,'FF',''),
 (246,'QIT 4837','45','2021-11-19 09:49:00','2021-11-19 10:17:00','CENTRO',161973,161979,'FF','CLAUDEMIR '),
 (247,'QIT 4837','16','2021-11-19 11:36:00','2021-11-19 14:11:00','CENTRO',161979,161988,'FF',''),
 (248,'QIT 4837','63','2021-11-19 17:27:00','2021-11-19 17:39:00','CENTRO',161988,161992,'FF',''),
 (249,'QHZ 7210','35','2021-11-19 19:34:00','2021-11-20 09:28:00','PRA CASA',249398,249422,'FF','GIOVAR'),
 (250,'QIH 0177','48','2021-11-12 07:59:00','2021-11-22 08:01:00','MATO GROSSO',508645,513469,'FF','10 TANQUES'),
 (251,'QIT 4837','7','2021-11-22 08:15:00','2021-11-26 16:40:00','QUIMICOS',161992,162065,'FF','FELL'),
 (252,'QJP 2732','19','2021-11-20 09:59:00','2021-11-22 10:01:00','VIAGEM',204225,205075,'FF',''),
 (253,'QHZ 7210','29','2021-11-22 10:08:00','2021-11-22 10:14:00','JACIARA',249422,249425,'FF',''),
 (254,'QHZ 7210','48','2021-11-22 10:21:00','2021-11-22 10:30:00','CENTRO',249425,249427,'FF',''),
 (255,'RLJ 2Z95','48','2021-11-22 11:17:00','2021-11-23 07:47:00','CONCORDIA',26959,27411,'FF',''),
 (256,'QJP 2732','19','2021-11-22 11:18:00','2021-11-22 14:36:00','REGIAO',205075,205079,'FF','ALEX'),
 (257,'QHZ 7210','6','2021-11-22 13:37:00','2021-11-22 14:37:00','BANCOS',249427,249432,'FF','VANESSA'),
 (258,'REB 2A26','45','2021-11-18 14:31:00','2021-11-22 14:32:00','PANAMA',140652,143517,'FF','CLAUDEMIR'),
 (259,'REB 2A26','45','2021-11-22 14:34:00','2021-11-24 11:56:00','MECANICA',143517,1435.23,'FF',''),
 (260,'QJV 1054','33','2021-11-22 14:35:00','2021-11-24 07:56:00','CAMPOS NOVOS',63475,64084,'FF','ALEX RETORNOU'),
 (261,'QIH 0187','42','2021-11-22 14:59:00','2021-12-03 07:49:00','BAHIA',506661,512952,'FF','16.TANQUES - 28311'),
 (262,'BEY 8J72','74','2021-11-22 14:45:00','2021-11-22 15:05:00','CENTRO',33373,33382,'FF','CADINHO'),
 (263,'BEY 8J72','74','2021-11-22 15:06:00','2021-11-26 16:04:00','MECANICA',33382,33392,'FF','VINI'),
 (264,'QJP 2732','19','2021-11-22 15:11:00','2021-11-29 16:06:00','PARANA',205079,205998,'FF','ALEX'),
 (265,'QHZ 7210','63','2021-11-22 15:26:00','2021-11-22 16:24:00','CENTRO',249432,249440,'FF','JOEL'),
 (266,'MJA 9B91','62','2021-11-22 18:00:00','2021-11-24 16:12:00','PARANA',8380.69,838835,'FF','01.TANQUE+ MERCADORIA - 28234 '),
 (267,'QHZ 7210','48','2021-11-23 08:46:00','2021-11-23 09:08:00','ELETRICA',249440,249445,'FF',''),
 (268,'RDT 8B89','74','2021-11-23 09:18:00','2021-11-23 10:28:00','CENTRO',48097,49768,'FF','CLEUMAR SO FOI NO CENTRO'),
 (269,'RDT 8B89','71','2021-11-23 10:31:00','2021-11-26 15:26:00','CAMPOS NOVOS',49768,50605,'FF','LUCIANO'),
 (270,'QHZ 7210','37','2021-11-23 10:44:00','2021-11-23 10:55:00','CORREIOS',249445,249449,'FF',''),
 (271,'QIH 0177','34','2021-11-23 13:45:00','2021-11-24 15:34:00','LAVAÇÃO',513469,513474,'FF','VINICIUS'),
 (272,'RLJ 2Z95','74','2021-11-23 13:46:00','2021-11-23 14:17:00','LAVAÇÃO',27411,27413,'FF','CADINHO'),
 (273,'QHZ 7210','6','2021-11-23 13:30:00','2021-11-23 13:51:00','BANCOS',249449,249455,'FF','VANESSA'),
 (274,'RLI 7197','48','2021-11-23 16:23:00','2021-11-25 07:49:00','RIO GRANDE ',110285,110787,'FF','MERCADORIA'),
 (275,'RLJ 2Z95','74','2021-11-24 07:52:00','2021-11-24 12:14:00','CHAPECO',27413,27611,'FF',''),
 (276,'QJV 1054','35','2021-11-24 09:19:00','2021-11-24 10:03:00','NOVA ERA',64084,64089,'FF',''),
 (277,'QHZ 7210','27','2021-11-24 10:18:00','2021-11-24 10:30:00','CENTRO',249455,249459,'FF',''),
 (278,'QHZ 7210','63','2021-11-24 10:43:00','2021-11-24 11:37:00','CENTRO',249459,249462,'FF',''),
 (279,'QJV 1054','57','2021-11-24 11:08:00','2021-11-24 11:36:00','CENTRO',64089,64094,'FF',''),
 (280,'QHZ 7210','16','2021-11-24 12:00:00','2021-11-24 13:03:00','PARA CASA',249462,249467,'FF','MICHEL'),
 (281,'QJV 1054','35','2021-11-24 13:31:00','2021-11-24 14:45:00','CDL',64094,64098,'FF','GIOVAR'),
 (282,'RLJ 2Z95','74','2021-11-24 13:39:00','2021-11-24 14:12:00','QUIMICOS',27611,27614,'FF','CADINHO'),
 (283,'QHZ 7210','6','2021-11-24 13:35:00','2021-11-24 14:41:00','BANCOS',249467,249473,'FF','VANESSA '),
 (284,'QHZ 7210','17','2021-11-24 15:24:00','2021-11-24 16:26:00','QUIMICOS',249473,249479,'FF','RAFAEL'),
 (285,'QJV 1054','63','2021-11-24 16:00:00','2021-11-24 16:13:00','CENTRO',64098,64102,'FF','JOEL'),
 (286,'MJA 9B91','62','2021-11-24 17:06:00','2021-11-25 17:30:00','MOSART',838835,838838,'FF','CADINHO'),
 (287,'QHZ 7210','35','2021-11-24 18:07:00','2021-11-25 07:31:00','PRA CASA',249479,249493,'FF',''),
 (288,'QTK 5752','48','2021-11-25 09:06:00','2021-11-29 07:50:00','CAXIAS',310050,311187,'FF',''),
 (289,'QHZ 7210','63','2021-11-25 10:09:00','2021-11-25 10:56:00','CENTRO',249493,249505,'FF',''),
 (290,'QJV 1054','35','2021-11-25 10:24:00','2021-11-25 10:41:00','CENTRO',64102,64108,'FF',''),
 (291,'QHZ 7210','6','2021-11-25 13:49:00','2021-11-25 14:46:00','BANCOS',249505,249511,'FF','VANESSA'),
 (292,'QIH 0177','34','2021-11-25 14:13:00','2021-11-29 15:23:00','MECANICA',513474,513504,'FF','LEANDRO'),
 (293,'QJV 1054','74','2021-11-25 14:14:00','2021-11-25 14:32:00','MECANICA',64108,64117,'FF','VINICIUS'),
 (294,'QJV 1054','34','2021-11-25 14:33:00','2021-11-25 17:26:00','TROCA VIDRO',64117,64121,'FF','VINICIUS'),
 (296,'REB 2A26','45','2021-11-25 16:20:00',NULL,'CEARÁ',143525,NULL,'AA','25.TANQUES - 28312'),
 (297,'QHZ 7210','15','2021-11-26 08:25:00','2021-11-26 08:57:00','NOVA ERA',249511,249517,'FF',''),
 (298,'QHZ 7210','74','2021-11-26 09:27:00','2021-11-26 09:59:00','RODOVIARIA',249517,249521,'FF',''),
 (299,'QHZ 7210','57','2021-11-26 10:08:00','2021-11-26 10:39:00','COREIOS',249521,2495.26,'FF',''),
 (300,'QJV 1054','63','2021-11-26 10:26:00','2021-11-26 11:14:00','CENTRO',64121,64125,'FF',''),
 (301,'QHZ 7210','6','2021-11-26 13:42:00','2021-11-26 13:59:00','BANCOS',249526,249528,'FF','VANESSA'),
 (302,'QJV 1054','63','2021-11-26 14:01:00','2021-11-26 14:41:00','CENTRO',64125,64130,'FF','JOEL'),
 (303,'QHZ 7210','63','2021-11-26 14:50:00','2021-11-26 15:02:00','CENTRO',249528,249537,'FF','JOEL'),
 (304,'MEN 7918','73','2021-11-26 15:14:00','2021-11-26 15:24:00','CENTRO',56189,56255,'FF','HUGO'),
 (305,'QJV 1054','35','2021-11-26 16:32:00','2021-11-26 17:30:00','CENTRO',64130,64134,'FF','GIOVAR'),
 (306,'QHZ 7210','66','2021-11-26 16:52:00','2021-11-30 17:50:00','MECANICA',249537,249550,'FF',''),
 (307,'BEY 8J72','66','2021-11-26 17:20:00',NULL,'QUIMICOS',33392,NULL,'AA',''),
 (308,'RDT 8B89','18','2021-11-26 17:20:00','2021-12-01 10:17:00','RIO GRANDE',50605,51260,'FF',''),
 (309,'QJV 1054','62','2021-11-29 07:54:00','2021-11-29 09:59:00','MECANICA',64134,640136,'FF',''),
 (310,'MJA 9B91','44','2021-11-29 08:25:00','2021-12-06 09:06:00','MINAS',838838,842321,'FF',''),
 (311,'QIT 4837','63','2021-11-29 09:36:00','2021-11-29 10:33:00','CENTRO',162065,162075,'FF',''),
 (312,'RLI 7197','62','2021-11-29 10:02:00','2021-11-30 14:28:00','LAVACAO',110787,110796,'FF','VINI'),
 (313,'RLJ 2Z95','46','2021-11-29 10:08:00','2021-12-01 17:14:00','PARANA',27614,28850,'FF','3 TANQUES'),
 (314,'RLC 2G24','62','2021-11-25 15:04:00','2021-11-29 10:59:00','LAVACAO',49917,49921,'FF',''),
 (315,'QIT 4837','48','2021-11-29 10:52:00','2021-11-29 11:08:00','CENTRO',162075,162079,'FF',''),
 (316,'QIT 4837','62','2021-11-29 11:40:00','2021-11-29 11:45:00','LAVACAO',162079,162084,'FF',''),
 (317,'QJV 1054','6','2021-11-29 13:32:00','2021-11-29 14:01:00','BANCOS',640136,640139,'FF','VANESSA'),
 (318,'QTK 5752','48','2021-11-29 14:09:00','2021-11-29 18:30:00','CPM',311187,311199,'FF','FELL'),
 (319,'RDW 0F51','62','2021-11-29 14:09:00','2021-11-29 15:12:00','BUFON',180405,180415,'FF','VANDE'),
 (320,'QIT 4837','63','2021-11-29 16:52:00','2021-11-29 17:18:00','CENTRO',162084,162089,'FF','JOEL '),
 (321,'QIT 4837','62','2021-11-29 17:19:00','2021-11-29 17:55:00','CPM',162089,162101,'FF','VANDE'),
 (322,'QJP 2732','19','2021-11-29 17:41:00','2021-11-30 17:10:00','PRA CASA',205998,206074,'FF','ALEX'),
 (323,'QIT 4837','26','2021-11-29 18:02:00','2021-11-29 18:28:00','CENTRO',162101,162104,'FF','MIORANDO '),
 (324,'RDW 0F51','62','2021-11-29 18:06:00','2021-11-30 16:05:00','SAO MIGUEL',180415,180522,'FF','VANDE '),
 (325,'RLC 2G24','49','2021-11-30 10:43:00',NULL,'CEARA',49921,NULL,'AA','17 TANQUES'),
 (326,'QIT 4837','6','2021-11-30 13:37:00','2021-11-30 14:35:00','BANCOS',162104,162109,'FF','VANESSA'),
 (327,'QTK 5752','34','2021-11-30 14:08:00','2021-12-01 10:08:00','LAVAÇÃO',311199,311205,'FF',''),
 (328,'QJV 1054','74','2021-11-30 14:09:00','2021-11-30 14:21:00','LAVAÇÃO ',640139,640143,'FF','CADINHO'),
 (329,'MEN 7918','64','2021-11-30 14:18:00','2021-11-30 15:10:00','CENTRO',56255,56276,'FF','DANIEL'),
 (330,'QJW 7794','48','2021-11-30 14:31:00','2021-11-30 15:18:00','QUIMICOS',310125,310129,'FF','LEANDRO'),
 (331,'QJV 1054','35','2021-11-30 15:07:00','2021-11-30 15:18:00','CENTRO',640143,640149,'FF','GIOVAR'),
 (332,'QIT 4837','16','2021-11-30 16:23:00','2021-11-30 16:57:00','CENTRO',162109,162116,'FF','MICHEL'),
 (333,'QJV 1054','12','2021-11-30 16:28:00','2021-11-30 16:59:00','CENTRO',640149,640150,'FF','RAFAELA'),
 (334,'QJP 2732','19','2021-11-30 17:58:00','2021-12-01 14:23:00','PRA CASA',206074,206292,'FF','ALEX'),
 (335,'QJW 7794','51','2021-12-01 08:41:00','2021-12-02 08:11:00','MECANICA',310129,310162,'FF','RETORNO CADINHO'),
 (336,'QHZ 7210','27','2021-12-01 09:16:00','2021-12-01 09:43:00','CENTRO',249550,249554,'FF',''),
 (337,'QHZ 7210','27','2021-12-01 10:23:00','2021-12-01 10:36:00','CENTRO',249554,249559,'FF',''),
 (338,'MEN 7918','65','2021-12-01 10:43:00','2021-12-01 10:56:00','CENTRO',56276,56286,'FF',''),
 (339,'RDT 8B89','18','2021-12-01 11:41:00','2021-12-01 14:14:00','PARA CASA',51260,51287,'FF','LUCIANO'),
 (340,'QHZ 7210','16','2021-12-01 12:06:00','2021-12-01 13:00:00','CENTRO',249559,249565,'FF','MICHEL'),
 (341,'QIH 0177','48','2021-12-01 12:33:00',NULL,'BAHIA',513504,NULL,'AA','20 TANQUES   28363');
INSERT INTO `registro` VALUES
 (342,'QHZ 7210','6','2021-12-01 13:30:00','2021-12-01 14:21:00','BANCOS',249565,249575,'FF','VANESSA'),
 (343,'QTK 5752','62','2021-12-01 14:21:00','2021-12-06 15:44:00','CPM',311205,311226,'FF','CARLOS'),
 (344,'QJP 2732','19','2021-12-01 15:03:00',NULL,'MECANICA ',206292,NULL,'AA',''),
 (345,'QIT 4837','74','2021-12-01 15:54:00','2021-12-01 16:17:00','CPM',162116,162126,'FF','VANDE'),
 (346,'QJV 1054','35','2021-12-01 15:56:00','2021-12-02 07:44:00','CENTRO',640150,64165,'FF',''),
 (347,'QHZ 7210','27','2021-12-01 16:01:00','2021-12-01 16:43:00','QUIMICOS',249575,249582,'FF','ALESANDRO'),
 (348,'RDT 8B89','18','2021-12-01 16:34:00',NULL,'RIO GRANDE',51287,NULL,'AA',''),
 (349,'QIT 4837','16','2021-12-01 16:46:00','2021-12-01 17:14:00','CENTRO',162126,162131,'FF','MICHEL'),
 (350,'QHZ 7210','75','2021-12-01 17:02:00','2021-12-01 17:28:00','CENTRO',249582,249584,'FF','RAFAELA'),
 (351,'RLJ 2Z95','46','2021-12-01 17:47:00','2021-12-02 07:55:00','CENTRO',28850,28858,'FF',''),
 (352,'QIT 4837','22','2021-12-01 18:03:00','2021-12-02 07:21:00','PRA CASA',162131,162134,'FF',''),
 (353,'QHZ 7210','62','2021-12-02 07:50:00','2021-12-02 07:54:00','CENTRO',249584,249585,'FF',''),
 (354,'QHZ 7210','62','2021-12-02 07:59:00','2021-12-02 09:03:00','CUNHA PORA',249585,249618,'FF',''),
 (355,'RDW 0F51','46','2021-12-02 08:00:00','2021-12-02 19:44:00','CUNHA PORA',180522,180562,'FF','VINI'),
 (356,'QIT 4837','67','2021-12-02 08:44:00','2021-12-02 09:51:00','LAVACAO',162134,162141,'FF',''),
 (357,'QHZ 7210','12','2021-12-02 09:12:00','2021-12-02 09:41:00','CENTRO',249618,249628,'FF',''),
 (358,'MEN 7918','65','2021-12-02 09:12:00','2021-12-02 09:25:00','CENTRO',56286,56294,'FF',''),
 (359,'QHZ 7210','67','2021-12-02 09:53:00','2021-12-02 10:55:00','LAVACAO',249628,249629,'FF',''),
 (360,'QJW 7794','46','2021-12-02 10:31:00','2021-12-02 14:00:00','LAVACAO',310162,310166,'FF','SIDINEI'),
 (361,'QIT 4837','62','2021-12-02 10:31:00','2021-12-02 10:41:00','LAVACAO',162141,162144,'FF',''),
 (362,'QJV 1054','67','2021-12-02 11:47:00','2021-12-02 11:56:00','LAVACAO',64165,64171,'FF',''),
 (363,'QHZ 7210','6','2021-12-02 13:32:00','2021-12-02 14:07:00','BANCOS',249629,249633,'FF','VANESSA '),
 (364,'QIT 4837','76','2021-12-02 13:37:00','2021-12-02 14:02:00','CENTRO',162144,162149,'FF','VINI'),
 (365,'QJV 1054','62','2021-12-02 15:53:00','2021-12-02 16:31:00','CENTRO',64171,64179,'FF','VANDE'),
 (366,'QIT 4837','76','2021-12-02 15:56:00','2021-12-03 10:03:00','CENTRO',162149,162162,'FF',''),
 (367,'QHZ 7210','13','2021-12-02 15:57:00','2021-12-02 16:18:00','JJ ',249633,249641,'FF','ARGEU'),
 (368,'QHZ 7210','75','2021-12-02 17:31:00','2021-12-02 17:45:00','CENTRO',249641,249645,'FF',''),
 (369,'QJV 1054','62','2021-12-02 17:38:00','2021-12-02 18:16:00','CUNHA PORÃ',64179,64209,'FF','VANDE'),
 (370,'QHZ 7210','34','2021-12-02 19:50:00','2021-12-03 07:31:00','PRA CASA',249645,249651,'FF',''),
 (371,'QHZ 7210','62','2021-12-03 09:03:00','2021-12-03 09:52:00','RPM PNEUS',249651,249669,'FF',''),
 (372,'QJV 1054','34','2021-12-03 11:09:00','2021-12-03 13:38:00','QUIMICOS',64209,64216,'FF','VINI'),
 (373,'QHZ 7210','16','2021-12-03 11:48:00','2021-12-03 13:53:00','CENTRO',249669,249679,'FF','MICHEL'),
 (374,'QIT 4837','6','2021-12-03 13:36:00','2021-12-03 14:05:00','BANCOS ',162162,162164,'FF','VANESSA'),
 (375,'QJW 7794','76','2021-12-03 14:36:00','2021-12-03 15:15:00','BRUTCHER',310166,310168,'FF','SIDINEI'),
 (376,'QHZ 7210','27','2021-12-03 15:23:00','2021-12-03 18:02:00','QUIMICOS',249679,249694,'FF','IGOR'),
 (377,'QIT 4837','46','2021-12-03 15:42:00','2021-12-03 15:47:00','CENTRO',162164,162165,'FF','CLAIR'),
 (378,'QJV 1054','22','2021-12-03 17:59:00',NULL,'CHAPECO',64216,NULL,'AA',''),
 (379,'QIT 4837','78','2021-12-03 18:02:00','2021-12-06 07:27:00','RIO GRANDE ',162165,162540,'FF',''),
 (380,'RLJ 2Z95','42','2021-12-03 18:03:00','2021-12-07 08:02:00','IJUI',28858,29437,'FF','01.TANQUES+MERCADORIA - 28243'),
 (381,'QHZ 7210','34','2021-12-03 18:00:00','2021-12-06 07:17:00','CENTRO',249694,249699,'FF',''),
 (382,'QJW 7794','76','2021-12-03 19:13:00',NULL,'SERGIPE',310168,NULL,'AA','16.TANQUES - 28364'),
 (383,'RDW 0F51','46','2021-12-06 09:07:00','2021-12-07 09:04:00','MECANICA',180562,180566,'FF',''),
 (384,'QHZ 7210','44','2021-12-06 08:28:00','2021-12-06 09:36:00','24971200',249699,249712,'FF','CENTRO'),
 (385,'QHZ 7210','44','2021-12-06 11:55:00','2021-12-06 13:06:00','PRA CASA',249712,249737,'FF','CARLOS'),
 (386,'QIT 4837','6','2021-12-06 13:36:00','2021-12-06 14:00:00','BANCOS',162540,162545,'FF','VANESSA '),
 (387,'QIT 4837','8','2021-12-06 14:03:00','2021-12-06 14:39:00','CENTRO',162545,162551,'FF','ANI'),
 (388,'QIH 0187','44','2021-12-06 14:17:00','2021-12-06 17:19:00','LAVAÇÃO',512952,512957,'FF','CARLOS'),
 (389,'QHZ 7210','62','2021-12-06 14:19:00','2021-12-06 15:02:00','CENTRO',249737,249743,'FF','VANDE '),
 (390,'QIT 4837','34','2021-12-06 15:14:00','2021-12-06 16:20:00','QUIMICOS',162551,162554,'FF','VINI'),
 (391,'QHZ 7210','62','2021-12-06 15:58:00','2021-12-06 16:31:00','BRUTCHER',249743,249750,'FF','VANDE '),
 (392,'QIT 4837','6','2021-12-06 16:33:00','2021-12-06 16:47:00','CENTRO',162554,162556,'FF','VANESSA'),
 (393,'MJA 9B91','44','2021-12-06 16:54:00','2021-12-07 14:21:00','LAVAÇÃO',842321,842326,'FF','CARLOS'),
 (394,'QIT 4837','34','2021-12-06 17:20:00','2021-12-06 17:51:00','CENTRO',162556,162560,'FF','VINI'),
 (395,'QIT 4837','62','2021-12-07 08:25:00','2021-12-07 09:03:00','CENTRO',162560,162565,'FF',''),
 (396,'QHZ 7210','34','2021-12-07 08:41:00','2021-12-07 09:50:00','QUIMICOS',249750,249757,'FF',''),
 (397,'QHZ 7210','75','2021-12-07 10:01:00','2021-12-07 10:18:00','DOCE AROMA',249757,249760,'FF',''),
 (398,'QHZ 7210','33','2021-12-07 11:48:00','2021-12-07 14:56:00','FAZENDA',249760,249811,'FF','MAYCON'),
 (399,'QIT 4837','6','2021-12-07 13:37:00','2021-12-07 14:33:00','BANCOS',162565,162571,'FF','VANESSA '),
 (400,'QTK 5752','62','2021-12-07 14:02:00','2021-12-07 15:34:00','MECANICA ',311226,311235,'FF','VANDE '),
 (401,'QIT 4837','16','2021-12-07 14:56:00','2021-12-07 15:35:00','CENTRO',162571,162578,'FF','MICHEL'),
 (402,'QIH 0187','44','2021-12-07 15:33:00','2021-12-07 15:56:00','LAVAÇÃO',512957,512962,'FF','CARLOS'),
 (403,'QHZ 7210','50','2021-12-07 16:24:00','2021-12-07 16:58:00','MECANICA',249811,249820,'FF','CLEITON'),
 (404,'RLJ 2Z95','42','2021-12-07 16:34:00','2021-12-07 16:48:00','MOSART',29437,29439,'FF','MARCOS'),
 (405,'QIT 4837','16','2021-12-07 16:45:00','2021-12-07 16:58:00','QUIMICOS',162578,162581,'FF','MICHEL'),
 (406,'RLJ 2Z95','42','2021-12-07 17:41:00',NULL,'RIO GRANDE DOM SUL ',29439,NULL,'AA','02.TANQUES - 28419'),
 (407,'RDW 0F51','46','2021-12-07 18:08:00',NULL,'NORDESTE',180566,NULL,'AA','13.TANQUES+MERCADORIA  - 28370 '),
 (408,'QJQ 5792','50','2021-12-07 18:10:00',NULL,'NORDESTE ',448349,NULL,'AA','32.TANQUES - 28396'),
 (409,'QIT 4837','20','2021-12-08 08:05:00','2021-12-08 09:18:00','QUIMICOS',162581,162584,'FF',''),
 (410,'QHZ 7210','62','2021-12-08 08:14:00','2021-12-08 08:47:00','MECANICA',249820,249828,'FF',''),
 (411,'QHZ 7210','34','2021-12-08 09:16:00','2021-12-08 11:50:00','CENTRO',249828,249832,'FF',''),
 (412,'QIT 4837','6','2021-12-08 13:36:00','2021-12-08 14:08:00','BANCOS',162584,162591,'FF','VANESSA'),
 (413,'QHZ 7210','62','2021-12-08 13:51:00','2021-12-08 14:24:00','BUFON',249832,249836,'FF','VANDE '),
 (414,'MEN 7918','64','2021-12-08 13:45:00','2021-12-08 13:56:00','CENTRO',56294,56321,'FF','DANIEL'),
 (415,'MEN 7918','64','2021-12-08 14:10:00','2021-12-08 14:25:00','CENTRO',56321,56335,'FF','DANIEL'),
 (416,'QIT 4837','16','2021-12-08 14:42:00','2021-12-08 14:58:00','QUIMICOS',162591,162598,'FF','MICHEL'),
 (417,'QHZ 7210','29','2021-12-08 14:51:00','2021-12-08 15:25:00','NOVA ERA ',249836,249852,'FF','HUGO'),
 (418,'MJA 9B91','34','2021-12-08 17:29:00',NULL,'QUIMICOS',842326,NULL,'AA',''),
 (419,'QHZ 7210','26','2021-12-08 18:00:00',NULL,'QUIMICOS',249852,NULL,'AA','');
UNLOCK TABLES;

DROP TABLE IF EXISTS `setores`;
CREATE TABLE `setores` (
  `idsetor` int(10) NOT NULL AUTO_INCREMENT,
  `descricao` varchar(200) NOT NULL,
  PRIMARY KEY (`idsetor`)
) ENGINE=InnoDB AUTO_INCREMENT=13 DEFAULT CHARSET=latin1;

LOCK TABLES `setores` WRITE;
INSERT INTO `setores` VALUES
 (1,'Administrativo'),
 (2,'Comercial'),
 (3,'Producão'),
 (4,'Engenharia'),
 (5,'Marketing'),
 (6,'Assistência Técnica'),
 (7,'Portaria'),
 (8,'Logistica'),
 (9,'Almoxarifado\r\n'),
 (10,'Compras'),
 (11,'Controle de Qualidade\r\n'),
 (12,'Fabrica de Quimicos');
UNLOCK TABLES;

DROP TABLE IF EXISTS `tipo`;
CREATE TABLE `tipo` (
  `cod_tipo` int(10) NOT NULL AUTO_INCREMENT,
  `descricao` varchar(255) NOT NULL,
  PRIMARY KEY (`cod_tipo`)
) ENGINE=InnoDB AUTO_INCREMENT=4 DEFAULT CHARSET=latin1;

LOCK TABLES `tipo` WRITE;
INSERT INTO `tipo` VALUES
 (1,'Carro'),
 (2,'Caminhão'),
 (3,'Moto');
UNLOCK TABLES;

DROP TABLE IF EXISTS `usuario`;
CREATE TABLE `usuario` (
  `id` int(11) NOT NULL AUTO_INCREMENT,
  `nome` varchar(200) NOT NULL,
  `login` varchar(200) NOT NULL,
  `senha` varchar(50) NOT NULL,
  PRIMARY KEY (`id`)
) ENGINE=InnoDB AUTO_INCREMENT=13 DEFAULT CHARSET=latin1;

LOCK TABLES `usuario` WRITE;
INSERT INTO `usuario` VALUES
 (8,'CLAUDINEI HOSS','CLAUDINEI','MTExMjEz'),
 (10,'RODRIGO','RODRIGO','MjU0NTE1'),
 (11,'RENATO ','RENATO','MzAyMw=='),
 (12,'QUIMICOS','QUIMICOS','cXVpbWljb3M=');
UNLOCK TABLES;

DROP TABLE IF EXISTS `veiculo`;
CREATE TABLE `veiculo` (
  `idveiculo` int(11) NOT NULL AUTO_INCREMENT,
  `descricao` varchar(200) NOT NULL,
  `placa` varchar(200) NOT NULL,
  `tipo` int(11) DEFAULT NULL,
  `ultimokm` double DEFAULT NULL,
  PRIMARY KEY (`idveiculo`)
) ENGINE=InnoDB AUTO_INCREMENT=44 DEFAULT CHARSET=latin1;

LOCK TABLES `veiculo` WRITE;
INSERT INTO `veiculo` VALUES
 (15,'GOL','QIT 4837',1,162598),
 (17,'SAVEIRO','BEY 8J72',1,33392),
 (18,'MOTO','MEN 7918',3,56335),
 (19,'SAVEIRO','RDT 8B89',1,51287),
 (20,'CAMINHAO','RLC 2G24',2,49921),
 (21,'CAMINHAO','QJQ 5792',2,448349),
 (22,'CAMINHAO','RLI 7197',2,110796),
 (23,'SAVEIRO','RLA 4C94',1,10350),
 (24,'CAMINHAO','RDW 0F51',2,180566),
 (25,'CAMINHAO','MJA 9B91',2,842326),
 (26,'CAMINHAO','RLJ 2Z95',2,29439),
 (27,'CAMINHAO','QIH 0177',2,513504),
 (28,'CAMINHAO','REB 2A26',2,143525),
 (29,'CAMINHAO','QJW 7794',2,310168),
 (30,'CAMINHAO','QIH 0187',2,512962),
 (31,'CAMINHAO','QTK 5752',2,311235),
 (32,'CAMINHAO','MLF 8597',2,693332),
 (33,'POLO','QJV 1054',1,64216),
 (34,'ESTRADA','QHZ 7210',1,249852),
 (35,'SAVEIRO','QJP 2732',1,206292),
 (36,'SAVEIRO','AWC 8I85',1,30175),
 (37,'SAVEIRO','BEW 4J84',1,32965),
 (38,'SAVERIRO','BEI 8A42',1,2021),
 (39,'SAVERIRO','AWC 9J94',1,168),
 (40,'SAVERIRO','BEW 4J85',1,63),
 (41,'SAVERIRO','BEY 8J14',1,5852),
 (42,'SIENA','QIC 0044',1,166413),
 (43,'SIENA','QI0040',1,166389);
UNLOCK TABLES;

/*!40014 SET FOREIGN_KEY_CHECKS=@OLD_FOREIGN_KEY_CHECKS */;
/*!40101 SET SQL_MODE=@OLD_SQL_MODE */;
